{
    "responsive": true,
    "sections": {
        "top": {
            "logo": {},
            "menu": {
                "items": [{
                    "label_i18n": "Homepage",
                    "onclick": "gcapp.homepage.toggle();"
                }, {
                    "label_i18n": "Url link",
                    "href": "https://www.anamwash.com",
                    "target": "_blank"
                }, {
                    "label_i18n": "Add JS",
                    "href": "javascript:;",
                    "onclick": "add JS here"
                }]
            }
        }
    },
    "panels": [{
        "id": "panel1",
        "title": "Static text html",
        "width": 400,
        "height": 800,
        "open": true,
        "closeButton": true,
        "css": {
            "top": "150px"
        },
        "content": "",
        "position": "floating",
        "draggable": "true"
    }, {
        "id": "panel2",
        "title": "local file content",
        "width": 400,
        "height": 400,
        "open": true,
        "closeButton": true,
        "css": {
            "top": "200px"
        },
        "content": "<img src='https://envicom.giscloud.com/rest/1/storage/fs/Asutifi.png' width='370' height='300'></img>",
        "position": "floating",
        "draggable": "true"
    }, {
        "id": "panel3",
        "title": "Url",
        "width": 400,
        "height": 800,
        "open": true,
        "closeButton": true,
        "css": {
            "top": "200px"
        },
        "content": "<iframe src='https://www.anamwash.com/' width='370' height='680'> <p>Your browser does not support iframes.</p></iframe>",
        "position": "floating",
        "draggable": "true"
    }]
}