{
    "responsive": true,
    "sections": {
        "top": {
            "logo": {},
            "menu": {
                "items": [{
                    "type": "BTN32_CUSTOM",
                    "label_i18n": "Issue Tracker",
                    "href": "javascript:;",
                    "onclick": "gcproject.mapChange(1131113);"
                }, {
                    "type": "BTN32_CUSTOM",
                    "label_i18n": "Planning Portal",
                    "href": "javascript:;",
                    "onclick": "gcproject.mapChange(1117289);"
                }, {
                    "type": "BTN32_CUSTOM",
                    "label_i18n": "Maintenance & Installation",
                    "href": "javascript:;",
                    "onclick": "gcproject.mapChange(1117298);"
                }, {
                    "label_i18n": " ",
                    "href": "javascript:;",
                    "onclick": "gcproject.mapChange(1117007);"
                }, {
                    "label_i18n": "TOOLS:    Add",
                    "onclick": "if (gcapp.checkAndWarnForLogin()) giscloud.ui.edit.addFeature();"
                }, {
                    "label_i18n": "Edit",
                    "onclick": "if (gcapp.checkAndWarnForLogin()) giscloud.ui.edit.editFeature();"
                }, {
                    "label_i18n": "Delete",
                    "onclick": "if (gcapp.checkAndWarnForLogin()) giscloud.ui.edit.deleteFeature();"
                }, {
                    "label_i18n": "Area",
                    "onclick": "gcanalysis.open(gcAnalysisType.AREA);"
                }, {
                    "label_i18n": "Buffer",
                    "onclick": "if (gcapp.checkAndWarnForLogin()) gcanalysis.open(gcAnalysisType.BUFFER);"
                }, {
                    "label_i18n": "Near",
                    "onclick": "if (gcapp.checkAndWarnForLogin()) gcanalysis.open(gcAnalysisType.NEAR);"
                }, {
                    "label_i18n": "Hotspot",
                    "onclick": "if (gcapp.checkAndWarnForLogin()) gcanalysis.open(gcAnalysisType.HOTSPOT);"
                }, {
                    "label_i18n": "SHARE:  Export Map",
                    "onclick": "gcproject.exportMap();"
                }, {
                    "label_i18n": "Export Layer",
                    "onclick": "gcapp.gclayer.exportLayer();"
                }, {
                    "label_i18n": "PANELS: Issue Data",
                    "href": "javascript:;",
                    "onclick": "giscloud.app.panels[0].toggle();"
                }, {
                    "label_i18n": "ISSUE Insights",
                    "href": "javascript:;",
                    "onclick": "giscloud.app.panels[1].toggle();"
                }]
            }
        }
    },
    "panels": [{
        "id": "panel1",
        "title": "Issue Data",
        "width": 450,
        "height": 1000,
        "open": true,
        "closeButton": true,
        "css": null,
        "filters": [{
            "1131113": [{
                "layer_id": "3001927",
                "items": [{
                    "type": "DATA_FILTER_DROPDOWN",
                    "column": "name",
                    "label": "Name",
                    "no_filter": "",
                    "multiselect": false,
                    "autofetch": true,
                    "relevantValues": false
                }, {
                    "type": "DATA_FILTER_DROPDOWN",
                    "column": "gender",
                    "label": "Gender",
                    "no_filter": "",
                    "multiselect": false,
                    "autofetch": true,
                    "relevantValues": false
                }, {
                    "type": "DATA_FILTER_DROPDOWN",
                    "column": "anam_wash_member",
                    "label": "ANAM WASH Member?",
                    "no_filter": "",
                    "multiselect": true,
                    "autofetch": false,
                    "relevantValues": false,
                    "items": [{
                        "value": "",
                        "label": ""
                    }]
                }, {
                    "type": "DATA_FILTER_DROPDOWN",
                    "column": "issue_or_suggestion",
                    "label": "Issue or Suggestion",
                    "no_filter": "",
                    "multiselect": false,
                    "autofetch": true,
                    "relevantValues": false
                }, {
                    "type": "DATA_FILTER_DROPDOWN",
                    "column": "council_area",
                    "label": "Council Area",
                    "no_filter": "",
                    "multiselect": false,
                    "autofetch": true,
                    "relevantValues": false
                }, {
                    "type": "DATA_FILTER_DROPDOWN",
                    "column": "issue_start_date",
                    "label": "Start Date",
                    "no_filter": "",
                    "multiselect": false,
                    "autofetch": true,
                    "relevantValues": false
                }, {
                    "type": "DATA_FILTER_DROPDOWN",
                    "column": "customer_status",
                    "label": "Customer Status",
                    "no_filter": "",
                    "multiselect": false,
                    "autofetch": true,
                    "relevantValues": false
                }, {
                    "type": "DATA_FILTER_DROPDOWN",
                    "column": "next_steps",
                    "label": "Next Steps",
                    "no_filter": "",
                    "multiselect": false,
                    "autofetch": true,
                    "relevantValues": false
                }, {
                    "type": "DATA_FILTER_DROPDOWN",
                    "column": "customer_feedback",
                    "label": "Customer Feedback",
                    "no_filter": "",
                    "multiselect": false,
                    "autofetch": true,
                    "relevantValues": false
                }]
            }]
        }],
        "position": "floating",
        "draggable": "true"
    }, {
        "id": "panel2",
        "title": "Issue Insights",
        "width": 450,
        "height": 900,
        "open": true,
        "closeButton": true,
        "css": {
            "top": "150px"
        },
        "content": "<iframe src='http://anamwash.herokuapp.com/public/dashboard/9de499cf-0a69-4806-bb11-a7a0c7b8f2ec' width='420' height='780'> <p>Your browser does not support iframes.</p></iframe>",
        "position": "floating",
        "draggable": "true"
    }]
}